file,category,functions,classes,imports,size_bytes
.venv\Lib\site-packages\bs4\__init__.py,other,27,2,17,44562
.venv\Lib\site-packages\bs4\_deprecation.py,other,8,0,3,2408
.venv\Lib\site-packages\bs4\_typing.py,other,2,1,3,7549
.venv\Lib\site-packages\bs4\_warnings.py,other,0,5,0,4711
.venv\Lib\site-packages\bs4\builder\__init__.py,other,31,5,17,31194
.venv\Lib\site-packages\bs4\builder\_html5lib.py,other,37,6,12,23607
.venv\Lib\site-packages\bs4\builder\_htmlparser.py,other,16,2,11,19866
.venv\Lib\site-packages\bs4\builder\_lxml.py,other,21,2,12,18969
.venv\Lib\site-packages\bs4\css.py,other,11,1,10,12713
.venv\Lib\site-packages\bs4\dammit.py,other,30,4,14,57485
.venv\Lib\site-packages\bs4\diagnose.py,other,18,1,19,7846
.venv\Lib\site-packages\bs4\element.py,other,163,25,18,125805
.venv\Lib\site-packages\bs4\exceptions.py,other,1,3,1,951
.venv\Lib\site-packages\bs4\filter.py,other,31,6,8,29180
.venv\Lib\site-packages\bs4\formatter.py,other,7,3,6,10478
.venv\Lib\site-packages\certifi\__init__.py,other,0,0,1,94
.venv\Lib\site-packages\certifi\__main__.py,other,0,0,2,243
.venv\Lib\site-packages\certifi\core.py,other,5,0,4,3394
.venv\Lib\site-packages\charset_normalizer\__init__.py,other,0,0,7,1638
.venv\Lib\site-packages\charset_normalizer\__main__.py,other,0,0,2,115
.venv\Lib\site-packages\charset_normalizer\api.py,other,4,0,10,43390
.venv\Lib\site-packages\charset_normalizer\cd.py,other,11,0,8,16447
.venv\Lib\site-packages\charset_normalizer\cli\__init__.py,other,0,0,2,144
.venv\Lib\site-packages\charset_normalizer\cli\__main__.py,other,5,1,12,12312
.venv\Lib\site-packages\charset_normalizer\constant.py,other,0,0,5,46679
.venv\Lib\site-packages\charset_normalizer\legacy.py,other,1,1,6,2730
.venv\Lib\site-packages\charset_normalizer\md.py,other,44,11,8,33643
.venv\Lib\site-packages\charset_normalizer\models.py,other,35,3,8,13200
.venv\Lib\site-packages\charset_normalizer\utils.py,other,29,0,11,13992
.venv\Lib\site-packages\charset_normalizer\version.py,other,0,0,1,123
.venv\Lib\site-packages\dateutil\__init__.py,other,2,0,3,620
.venv\Lib\site-packages\dateutil\_common.py,other,6,1,0,932
.venv\Lib\site-packages\dateutil\_version.py,other,0,0,0,166
.venv\Lib\site-packages\dateutil\easter.py,other,1,0,1,2678
.venv\Lib\site-packages\dateutil\parser\__init__.py,other,4,1,10,1766
.venv\Lib\site-packages\dateutil\parser\_parser.py,other,58,11,14,58796
.venv\Lib\site-packages\dateutil\parser\isoparser.py,other,13,1,6,13233
.venv\Lib\site-packages\dateutil\relativedelta.py,other,20,1,7,24903
.venv\Lib\site-packages\dateutil\rrule.py,other,51,7,18,66557
.venv\Lib\site-packages\dateutil\tz\__init__.py,other,0,1,2,444
.venv\Lib\site-packages\dateutil\tz\_common.py,other,24,3,3,12977
.venv\Lib\site-packages\dateutil\tz\_factories.py,other,7,4,4,2569
.venv\Lib\site-packages\dateutil\tz\tz.py,other,87,13,24,62855
.venv\Lib\site-packages\dateutil\tz\win.py,other,20,4,7,12935
.venv\Lib\site-packages\dateutil\tzwin.py,other,0,0,1,59
.venv\Lib\site-packages\dateutil\utils.py,other,3,0,2,1965
.venv\Lib\site-packages\dateutil\zoneinfo\__init__.py,other,7,2,6,5889
.venv\Lib\site-packages\dateutil\zoneinfo\rebuild.py,other,3,0,8,2392
.venv\Lib\site-packages\feedparser\__init__.py,other,0,0,4,2177
.venv\Lib\site-packages\feedparser\api.py,other,2,0,18,11379
.venv\Lib\site-packages\feedparser\datetimes\__init__.py,other,2,0,8,2786
.venv\Lib\site-packages\feedparser\datetimes\asctime.py,other,1,0,1,2380
.venv\Lib\site-packages\feedparser\datetimes\greek.py,other,1,0,2,4022
.venv\Lib\site-packages\feedparser\datetimes\hungarian.py,other,1,0,2,2945
.venv\Lib\site-packages\feedparser\datetimes\iso8601.py,other,1,0,2,5550
.venv\Lib\site-packages\feedparser\datetimes\korean.py,other,2,0,2,3354
.venv\Lib\site-packages\feedparser\datetimes\perforce.py,other,1,0,3,2213
.venv\Lib\site-packages\feedparser\datetimes\rfc822.py,other,1,0,1,5423
.venv\Lib\site-packages\feedparser\datetimes\w3dtf.py,other,1,0,1,4506
.venv\Lib\site-packages\feedparser\encodings.py,other,3,0,6,12558
.venv\Lib\site-packages\feedparser\exceptions.py,other,0,5,0,1957
.venv\Lib\site-packages\feedparser\html.py,other,21,1,3,11282
.venv\Lib\site-packages\feedparser\http.py,other,5,1,12,9844
.venv\Lib\site-packages\feedparser\mixin.py,other,33,1,11,32224
.venv\Lib\site-packages\feedparser\namespaces\__init__.py,other,0,0,0,0
.venv\Lib\site-packages\feedparser\namespaces\_base.py,other,68,1,4,17130
.venv\Lib\site-packages\feedparser\namespaces\admin.py,other,2,1,1,2317
.venv\Lib\site-packages\feedparser\namespaces\cc.py,other,3,1,1,2866
.venv\Lib\site-packages\feedparser\namespaces\dc.py,other,28,1,2,4446
.venv\Lib\site-packages\feedparser\namespaces\georss.py,other,26,1,2,11468
.venv\Lib\site-packages\feedparser\namespaces\itunes.py,other,18,1,1,4115
.venv\Lib\site-packages\feedparser\namespaces\mediarss.py,other,21,1,1,5336
.venv\Lib\site-packages\feedparser\namespaces\psc.py,other,5,1,3,2839
.venv\Lib\site-packages\feedparser\parsers\__init__.py,other,0,0,0,0
.venv\Lib\site-packages\feedparser\parsers\loose.py,other,4,1,0,3452
.venv\Lib\site-packages\feedparser\parsers\strict.py,other,8,1,1,5817
.venv\Lib\site-packages\feedparser\sanitizer.py,other,11,1,3,23856
.venv\Lib\site-packages\feedparser\sgml.py,other,4,2,2,3488
.venv\Lib\site-packages\feedparser\urls.py,other,7,1,3,5490
.venv\Lib\site-packages\feedparser\util.py,other,7,1,1,6490
.venv\Lib\site-packages\idna\__init__.py,other,0,0,3,868
.venv\Lib\site-packages\idna\__main__.py,other,0,0,2,83
.venv\Lib\site-packages\idna\cli.py,other,5,0,8,4139
.venv\Lib\site-packages\idna\codec.py,other,5,5,3,5040
.venv\Lib\site-packages\idna\compat.py,other,3,0,2,1353
.venv\Lib\site-packages\idna\core.py,other,19,4,8,24685
.venv\Lib\site-packages\idna\idnadata.py,other,0,0,0,44862
.venv\Lib\site-packages\idna\intranges.py,other,4,0,1,1851
.venv\Lib\site-packages\idna\package_data.py,other,0,0,0,21
.venv\Lib\site-packages\idna\uts46data.py,other,0,0,2,234325
.venv\Lib\site-packages\pip\__init__.py,other,1,0,2,357
.venv\Lib\site-packages\pip\__main__.py,other,0,0,3,854
.venv\Lib\site-packages\pip\__pip-runner__.py,other,2,1,4,1450
.venv\Lib\site-packages\pip\_internal\__init__.py,other,1,0,3,513
.venv\Lib\site-packages\pip\_internal\build_env.py,other,15,3,19,10700
.venv\Lib\site-packages\pip\_internal\cache.py,other,17,5,14,10369
.venv\Lib\site-packages\pip\_internal\cli\__init__.py,other,0,0,0,132
.venv\Lib\site-packages\pip\_internal\cli\autocompletion.py,other,3,0,8,6865
.venv\Lib\site-packages\pip\_internal\cli\base_command.py,other,9,1,22,8625
.venv\Lib\site-packages\pip\_internal\cli\cmdoptions.py,other,28,1,17,30116
.venv\Lib\site-packages\pip\_internal\cli\command_context.py,other,3,1,2,774
.venv\Lib\site-packages\pip\_internal\cli\index_command.py,other,7,2,14,5677
.venv\Lib\site-packages\pip\_internal\cli\main.py,other,1,0,11,2817
.venv\Lib\site-packages\pip\_internal\cli\main_parser.py,other,3,0,10,4338
.venv\Lib\site-packages\pip\_internal\cli\parser.py,other,17,4,10,10825
.venv\Lib\site-packages\pip\_internal\cli\progress_bars.py,other,4,0,6,2717
.venv\Lib\site-packages\pip\_internal\cli\req_command.py,other,10,1,23,12250
.venv\Lib\site-packages\pip\_internal\cli\spinners.py,other,15,4,8,5118
.venv\Lib\site-packages\pip\_internal\cli\status_codes.py,other,0,0,0,116
.venv\Lib\site-packages\pip\_internal\commands\__init__.py,other,2,0,5,3882
.venv\Lib\site-packages\pip\_internal\commands\cache.py,other,12,1,10,8107
.venv\Lib\site-packages\pip\_internal\commands\check.py,other,1,1,9,2268
.venv\Lib\site-packages\pip\_internal\commands\completion.py,other,2,1,7,4287
.venv\Lib\site-packages\pip\_internal\commands\configuration.py,other,14,1,11,9766
.venv\Lib\site-packages\pip\_internal\commands\debug.py,other,11,1,19,6797
.venv\Lib\site-packages\pip\_internal\commands\download.py,other,2,1,12,5273
.venv\Lib\site-packages\pip\_internal\commands\freeze.py,other,4,1,8,3203
.venv\Lib\site-packages\pip\_internal\commands\hash.py,other,3,1,9,1703
.venv\Lib\site-packages\pip\_internal\commands\help.py,other,1,1,6,1132
.venv\Lib\site-packages\pip\_internal\commands\index.py,other,4,1,15,4731
.venv\Lib\site-packages\pip\_internal\commands\inspect.py,other,3,1,12,3189
.venv\Lib\site-packages\pip\_internal\commands\install.py,other,9,1,31,29390
.venv\Lib\site-packages\pip\_internal\commands\list.py,other,13,2,18,12769
.venv\Lib\site-packages\pip\_internal\commands\search.py,other,7,2,18,5626
.venv\Lib\site-packages\pip\_internal\commands\show.py,other,5,2,9,7857
.venv\Lib\site-packages\pip\_internal\commands\uninstall.py,other,2,1,12,3892
.venv\Lib\site-packages\pip\_internal\commands\wheel.py,other,2,1,15,6414
.venv\Lib\site-packages\pip\_internal\configuration.py,other,24,1,10,14005
.venv\Lib\site-packages\pip\_internal\distributions\__init__.py,other,1,0,4,858
.venv\Lib\site-packages\pip\_internal\distributions\base.py,other,4,1,5,1783
.venv\Lib\site-packages\pip\_internal\distributions\installed.py,other,3,1,4,842
.venv\Lib\site-packages\pip\_internal\distributions\sdist.py,other,9,1,8,6751
.venv\Lib\site-packages\pip\_internal\distributions\wheel.py,other,3,1,5,1317
.venv\Lib\site-packages\pip\_internal\exceptions.py,other,44,36,20,26481
.venv\Lib\site-packages\pip\_internal\index\__init__.py,other,0,0,0,30
.venv\Lib\site-packages\pip\_internal\index\collector.py,collector,26,8,25,16265
.venv\Lib\site-packages\pip\_internal\index\package_finder.py,other,41,6,30,38076
.venv\Lib\site-packages\pip\_internal\index\sources.py,other,25,6,10,8632
.venv\Lib\site-packages\pip\_internal\locations\__init__.py,other,18,0,20,14925
.venv\Lib\site-packages\pip\_internal\locations\_distutils.py,other,5,0,13,6013
.venv\Lib\site-packages\pip\_internal\locations\_sysconfig.py,other,8,0,9,7724
.venv\Lib\site-packages\pip\_internal\locations\base.py,other,4,0,9,2556
.venv\Lib\site-packages\pip\_internal\main.py,other,1,0,2,340
.venv\Lib\site-packages\pip\_internal\metadata\__init__.py,other,7,1,11,4337
.venv\Lib\site-packages\pip\_internal\metadata\_json.py,other,3,0,3,2707
.venv\Lib\site-packages\pip\_internal\metadata\base.py,other,59,7,21,25298
.venv\Lib\site-packages\pip\_internal\metadata\importlib\__init__.py,other,0,0,2,135
.venv\Lib\site-packages\pip\_internal\metadata\importlib\_compat.py,other,7,2,4,2796
.venv\Lib\site-packages\pip\_internal\metadata\importlib\_dists.py,other,22,2,17,8279
.venv\Lib\site-packages\pip\_internal\metadata\importlib\_envs.py,other,14,2,20,7431
.venv\Lib\site-packages\pip\_internal\metadata\pkg_resources.py,other,32,4,16,10542
.venv\Lib\site-packages\pip\_internal\models\__init__.py,other,0,0,0,63
.venv\Lib\site-packages\pip\_internal\models\candidate.py,other,2,1,4,753
.venv\Lib\site-packages\pip\_internal\models\direct_url.py,other,21,5,5,6578
.venv\Lib\site-packages\pip\_internal\models\format_control.py,other,6,1,3,2486
.venv\Lib\site-packages\pip\_internal\models\index.py,other,2,1,1,1030
.venv\Lib\site-packages\pip\_internal\models\installation_report.py,other,3,1,4,2818
.venv\Lib\site-packages\pip\_internal\models\link.py,other,45,4,16,21448
.venv\Lib\site-packages\pip\_internal\models\scheme.py,other,0,1,1,575
.venv\Lib\site-packages\pip\_internal\models\search_scope.py,other,4,1,11,4531
.venv\Lib\site-packages\pip\_internal\models\selection_prefs.py,other,1,1,2,2015
.venv\Lib\site-packages\pip\_internal\models\target_python.py,other,4,1,5,4271
.venv\Lib\site-packages\pip\_internal\models\wheel.py,other,5,1,7,4539
.venv\Lib\site-packages\pip\_internal\network\__init__.py,other,0,0,0,50
.venv\Lib\site-packages\pip\_internal\network\auth.py,other,28,6,19,20809
.venv\Lib\site-packages\pip\_internal\network\cache.py,other,10,1,9,4614
.venv\Lib\site-packages\pip\_internal\network\download.py,other,10,2,14,6048
.venv\Lib\site-packages\pip\_internal\network\lazy_wheel.py,other,20,2,10,7622
.venv\Lib\site-packages\pip\_internal\network\session.py,other,14,7,36,18771
.venv\Lib\site-packages\pip\_internal\network\utils.py,other,2,0,3,4088
.venv\Lib\site-packages\pip\_internal\network\xmlrpc.py,other,2,1,9,1838
.venv\Lib\site-packages\pip\_internal\operations\__init__.py,other,0,0,0,0
.venv\Lib\site-packages\pip\_internal\operations\build\__init__.py,other,0,0,0,0
.venv\Lib\site-packages\pip\_internal\operations\build\build_tracker.py,other,10,2,8,4774
.venv\Lib\site-packages\pip\_internal\operations\build\metadata.py,other,1,0,6,1422
.venv\Lib\site-packages\pip\_internal\operations\build\metadata_editable.py,other,1,0,6,1510
.venv\Lib\site-packages\pip\_internal\operations\build\metadata_legacy.py,other,2,0,8,2190
.venv\Lib\site-packages\pip\_internal\operations\build\wheel.py,other,1,0,5,1075
.venv\Lib\site-packages\pip\_internal\operations\build\wheel_editable.py,other,1,0,5,1417
.venv\Lib\site-packages\pip\_internal\operations\build\wheel_legacy.py,other,3,0,6,3045
.venv\Lib\site-packages\pip\_internal\operations\check.py,other,6,1,13,5912
.venv\Lib\site-packages\pip\_internal\operations\freeze.py,other,6,2,13,9843
.venv\Lib\site-packages\pip\_internal\operations\install\__init__.py,other,0,0,0,51
.venv\Lib\site-packages\pip\_internal\operations\install\editable_legacy.py,other,1,0,6,1283
.venv\Lib\site-packages\pip\_internal\operations\install\wheel.py,other,36,5,28,27615
.venv\Lib\site-packages\pip\_internal\operations\prepare.py,other,21,2,28,28118
.venv\Lib\site-packages\pip\_internal\pyproject.py,other,3,0,10,7286
.venv\Lib\site-packages\pip\_internal\req\__init__.py,other,2,1,8,2653
.venv\Lib\site-packages\pip\_internal\req\constructors.py,other,19,1,20,18430
.venv\Lib\site-packages\pip\_internal\req\req_file.py,other,22,4,18,20234
.venv\Lib\site-packages\pip\_internal\req\req_install.py,other,41,1,40,35786
.venv\Lib\site-packages\pip\_internal\req\req_set.py,other,9,1,5,2858
.venv\Lib\site-packages\pip\_internal\req\req_uninstall.py,other,30,3,15,23853
.venv\Lib\site-packages\pip\_internal\resolution\__init__.py,other,0,0,0,0
.venv\Lib\site-packages\pip\_internal\resolution\base.py,other,2,1,3,583
.venv\Lib\site-packages\pip\_internal\resolution\legacy\__init__.py,other,0,0,0,0
.venv\Lib\site-packages\pip\_internal\resolution\legacy\resolver.py,other,14,1,23,24068
.venv\Lib\site-packages\pip\_internal\resolution\resolvelib\__init__.py,other,0,0,0,0
.venv\Lib\site-packages\pip\_internal\resolution\resolvelib\base.py,other,21,3,8,5023
.venv\Lib\site-packages\pip\_internal\resolution\resolvelib\candidates.py,other,57,6,16,20001
.venv\Lib\site-packages\pip\_internal\resolution\resolvelib\factory.py,other,26,3,27,32659
.venv\Lib\site-packages\pip\_internal\resolution\resolvelib\found_candidates.py,other,8,1,7,6383
.venv\Lib\site-packages\pip\_internal\resolution\resolvelib\provider.py,other,9,1,10,9935
.venv\Lib\site-packages\pip\_internal\resolution\resolvelib\reporter.py,other,9,2,5,3168
.venv\Lib\site-packages\pip\_internal\resolution\resolvelib\requirements.py,other,45,5,6,8065
.venv\Lib\site-packages\pip\_internal\resolution\resolvelib\resolver.py,other,6,1,22,12592
.venv\Lib\site-packages\pip\_internal\self_outdated_check.py,other,11,2,24,8318
.venv\Lib\site-packages\pip\_internal\utils\__init__.py,other,0,0,0,0
.venv\Lib\site-packages\pip\_internal\utils\_jaraco_text.py,other,5,0,2,3350
.venv\Lib\site-packages\pip\_internal\utils\_log.py,other,3,1,2,1015
.venv\Lib\site-packages\pip\_internal\utils\appdirs.py,other,4,0,4,1665
.venv\Lib\site-packages\pip\_internal\utils\compat.py,other,3,0,7,2399
.venv\Lib\site-packages\pip\_internal\utils\compatibility_tags.py,other,9,0,3,6272
.venv\Lib\site-packages\pip\_internal\utils\datetime.py,other,1,0,1,242
.venv\Lib\site-packages\pip\_internal\utils\deprecation.py,other,3,1,5,3707
.venv\Lib\site-packages\pip\_internal\utils\direct_url_helpers.py,other,3,0,5,3196
.venv\Lib\site-packages\pip\_internal\utils\egg_link.py,other,3,0,6,2463
.venv\Lib\site-packages\pip\_internal\utils\entrypoints.py,other,3,0,7,3064
.venv\Lib\site-packages\pip\_internal\utils\filesystem.py,other,9,0,11,4950
.venv\Lib\site-packages\pip\_internal\utils\filetypes.py,other,1,0,2,716
.venv\Lib\site-packages\pip\_internal\utils\glibc.py,other,4,0,4,3734
.venv\Lib\site-packages\pip\_internal\utils\hashes.py,other,14,2,5,4972
.venv\Lib\site-packages\pip\_internal\utils\logging.py,other,16,8,20,11845
.venv\Lib\site-packages\pip\_internal\utils\misc.py,other,61,3,26,23450
.venv\Lib\site-packages\pip\_internal\utils\packaging.py,other,3,0,6,2142
.venv\Lib\site-packages\pip\_internal\utils\retry.py,other,3,0,4,1392
.venv\Lib\site-packages\pip\_internal\utils\setuptools_build.py,other,5,0,3,4435
.venv\Lib\site-packages\pip\_internal\utils\subprocess.py,other,6,0,10,8988
.venv\Lib\site-packages\pip\_internal\utils\temp_dir.py,other,16,4,10,9310
.venv\Lib\site-packages\pip\_internal\utils\unpacking.py,other,12,0,14,11967
.venv\Lib\site-packages\pip\_internal\utils\urls.py,other,2,0,5,1599
.venv\Lib\site-packages\pip\_internal\utils\virtualenv.py,other,7,0,6,3456
.venv\Lib\site-packages\pip\_internal\utils\wheel.py,other,6,0,7,4494
.venv\Lib\site-packages\pip\_internal\vcs\__init__.py,other,0,0,5,596
.venv\Lib\site-packages\pip\_internal\vcs\bazaar.py,other,8,1,6,3528
.venv\Lib\site-packages\pip\_internal\vcs\git.py,other,21,1,12,18177
.venv\Lib\site-packages\pip\_internal\vcs\mercurial.py,other,10,1,9,5249
.venv\Lib\site-packages\pip\_internal\vcs\subversion.py,other,16,1,8,11735
.venv\Lib\site-packages\pip\_internal\vcs\versioncontrol.py,other,44,5,11,22440
.venv\Lib\site-packages\pip\_internal\wheel_builder.py,other,11,0,23,11799
.venv\Lib\site-packages\pip\_vendor\__init__.py,other,1,0,4,4873
.venv\Lib\site-packages\pip\_vendor\cachecontrol\__init__.py,other,0,0,4,677
.venv\Lib\site-packages\pip\_vendor\cachecontrol\_cmd.py,other,4,0,10,1737
.venv\Lib\site-packages\pip\_vendor\cachecontrol\adapter.py,adapter,5,1,14,6348
.venv\Lib\site-packages\pip\_vendor\cachecontrol\cache.py,other,10,3,4,1953
.venv\Lib\site-packages\pip\_vendor\cachecontrol\caches\__init__.py,other,0,0,2,303
.venv\Lib\site-packages\pip\_vendor\cachecontrol\caches\file_cache.py,other,13,3,11,5399
.venv\Lib\site-packages\pip\_vendor\cachecontrol\caches\redis_cache.py,other,6,1,5,1386
.venv\Lib\site-packages\pip\_vendor\cachecontrol\controller.py,other,11,1,14,18576
.venv\Lib\site-packages\pip\_vendor\cachecontrol\filewrapper.py,other,6,1,5,4291
.venv\Lib\site-packages\pip\_vendor\cachecontrol\heuristics.py,other,11,4,7,4881
.venv\Lib\site-packages\pip\_vendor\cachecontrol\serialize.py,other,5,1,7,5163
.venv\Lib\site-packages\pip\_vendor\cachecontrol\wrapper.py,other,1,0,9,1417
.venv\Lib\site-packages\pip\_vendor\certifi\__init__.py,other,0,0,1,94
.venv\Lib\site-packages\pip\_vendor\certifi\__main__.py,other,0,0,2,255
.venv\Lib\site-packages\pip\_vendor\certifi\core.py,other,8,0,7,4486
.venv\Lib\site-packages\pip\_vendor\distlib\__init__.py,other,3,2,2,625
.venv\Lib\site-packages\pip\_vendor\distlib\compat.py,other,81,10,59,41467
.venv\Lib\site-packages\pip\_vendor\distlib\database.py,other,74,7,16,51160
.venv\Lib\site-packages\pip\_vendor\distlib\index.py,other,18,1,14,20797
.venv\Lib\site-packages\pip\_vendor\distlib\locators.py,other,58,11,17,51026
.venv\Lib\site-packages\pip\_vendor\distlib\manifest.py,other,13,1,9,14168
.venv\Lib\site-packages\pip\_vendor\distlib\markers.py,other,7,1,7,5164
.venv\Lib\site-packages\pip\_vendor\distlib\metadata.py,other,55,6,11,38724
.venv\Lib\site-packages\pip\_vendor\distlib\resources.py,other,34,6,13,10820
.venv\Lib\site-packages\pip\_vendor\distlib\scripts.py,other,18,1,12,18608
.venv\Lib\site-packages\pip\_vendor\distlib\util.py,other,123,19,28,66682
.venv\Lib\site-packages\pip\_vendor\distlib\version.py,other,54,10,4,23727
.venv\Lib\site-packages\pip\_vendor\distlib\wheel.py,other,39,3,25,43979
.venv\Lib\site-packages\pip\_vendor\distro\__init__.py,other,0,0,1,981
.venv\Lib\site-packages\pip\_vendor\distro\__main__.py,other,0,0,1,64
.venv\Lib\site-packages\pip\_vendor\distro\distro.py,other,57,4,12,49430
.venv\Lib\site-packages\pip\_vendor\idna\__init__.py,other,0,0,3,868
.venv\Lib\site-packages\pip\_vendor\idna\codec.py,other,5,5,4,3422
.venv\Lib\site-packages\pip\_vendor\idna\compat.py,other,3,0,2,316
.venv\Lib\site-packages\pip\_vendor\idna\core.py,other,18,4,7,13239
.venv\Lib\site-packages\pip\_vendor\idna\idnadata.py,other,0,0,0,78306
.venv\Lib\site-packages\pip\_vendor\idna\intranges.py,other,4,0,2,1898
.venv\Lib\site-packages\pip\_vendor\idna\package_data.py,other,0,0,0,21
.venv\Lib\site-packages\pip\_vendor\idna\uts46data.py,other,82,0,1,239289
.venv\Lib\site-packages\pip\_vendor\msgpack\__init__.py,other,3,0,6,1109
.venv\Lib\site-packages\pip\_vendor\msgpack\exceptions.py,other,2,6,0,1081
.venv\Lib\site-packages\pip\_vendor\msgpack\ext.py,other,14,2,3,5726
.venv\Lib\site-packages\pip\_vendor\msgpack\fallback.py,other,39,3,8,32390
.venv\Lib\site-packages\pip\_vendor\packaging\__init__.py,other,0,0,0,494
.venv\Lib\site-packages\pip\_vendor\packaging\_elffile.py,other,3,5,5,3306
.venv\Lib\site-packages\pip\_vendor\packaging\_manylinux.py,other,11,1,12,9612
.venv\Lib\site-packages\pip\_vendor\packaging\_musllinux.py,other,3,1,8,2694
.venv\Lib\site-packages\pip\_vendor\packaging\_parser.py,other,24,5,4,10236
.venv\Lib\site-packages\pip\_vendor\packaging\_structures.py,other,16,2,0,1431
.venv\Lib\site-packages\pip\_vendor\packaging\_tokenizer.py,other,9,3,6,5273
.venv\Lib\site-packages\pip\_vendor\packaging\licenses\__init__.py,other,1,1,4,5727
.venv\Lib\site-packages\pip\_vendor\packaging\licenses\_spdx.py,other,0,2,2,48398
.venv\Lib\site-packages\pip\_vendor\packaging\markers.py,other,14,5,11,10561
.venv\Lib\site-packages\pip\_vendor\packaging\metadata.py,other,24,5,13,34762
.venv\Lib\site-packages\pip\_vendor\packaging\requirements.py,other,6,2,7,2947
.venv\Lib\site-packages\pip\_vendor\packaging\specifiers.py,other,47,4,7,40098
.venv\Lib\site-packages\pip\_vendor\packaging\tags.py,other,30,1,11,21014
.venv\Lib\site-packages\pip\_vendor\packaging\utils.py,other,6,3,6,5050
.venv\Lib\site-packages\pip\_vendor\packaging\version.py,other,29,5,5,16688
.venv\Lib\site-packages\pip\_vendor\pkg_resources\__init__.py,other,280,34,45,124463
.venv\Lib\site-packages\pip\_vendor\platformdirs\__init__.py,other,33,0,14,22344
.venv\Lib\site-packages\pip\_vendor\platformdirs\__main__.py,other,1,0,2,1505
.venv\Lib\site-packages\pip\_vendor\platformdirs\android.py,other,22,1,14,9007
.venv\Lib\site-packages\pip\_vendor\platformdirs\api.py,other,44,1,6,9246
.venv\Lib\site-packages\pip\_vendor\platformdirs\macos.py,other,18,1,6,6154
.venv\Lib\site-packages\pip\_vendor\platformdirs\unix.py,other,26,1,8,10393
.venv\Lib\site-packages\pip\_vendor\platformdirs\version.py,other,0,0,1,411
.venv\Lib\site-packages\pip\_vendor\platformdirs\windows.py,other,22,1,11,10125
.venv\Lib\site-packages\pip\_vendor\pygments\__init__.py,other,3,0,3,2983
.venv\Lib\site-packages\pip\_vendor\pygments\__main__.py,other,0,0,2,353
.venv\Lib\site-packages\pip\_vendor\pygments\cmdline.py,other,9,1,18,23656
.venv\Lib\site-packages\pip\_vendor\pygments\console.py,other,3,0,0,1718
.venv\Lib\site-packages\pip\_vendor\pygments\filter.py,other,7,2,0,1910
.venv\Lib\site-packages\pip\_vendor\pygments\filters\__init__.py,other,22,9,5,40392
.venv\Lib\site-packages\pip\_vendor\pygments\formatter.py,other,5,1,3,4390
.venv\Lib\site-packages\pip\_vendor\pygments\formatters\__init__.py,other,8,1,8,5385
.venv\Lib\site-packages\pip\_vendor\pygments\formatters\_mapping.py,other,0,0,0,4176
.venv\Lib\site-packages\pip\_vendor\pygments\formatters\bbcode.py,other,3,1,2,3320
.venv\Lib\site-packages\pip\_vendor\pygments\formatters\groff.py,other,7,1,3,5106
.venv\Lib\site-packages\pip\_vendor\pygments\formatters\html.py,other,32,1,9,35669
.venv\Lib\site-packages\pip\_vendor\pygments\formatters\img.py,other,29,7,8,23287
.venv\Lib\site-packages\pip\_vendor\pygments\formatters\irc.py,other,4,1,3,4981
.venv\Lib\site-packages\pip\_vendor\pygments\formatters\latex.py,other,12,2,5,19306
.venv\Lib\site-packages\pip\_vendor\pygments\formatters\other.py,other,7,3,6,5034
.venv\Lib\site-packages\pip\_vendor\pygments\formatters\pangomarkup.py,other,3,1,1,2218
.venv\Lib\site-packages\pip\_vendor\pygments\formatters\rtf.py,other,10,1,4,11957
.venv\Lib\site-packages\pip\_vendor\pygments\formatters\svg.py,other,4,1,3,7174
.venv\Lib\site-packages\pip\_vendor\pygments\formatters\terminal.py,other,5,1,4,4674
.venv\Lib\site-packages\pip\_vendor\pygments\formatters\terminal256.py,other,16,3,3,11753
.venv\Lib\site-packages\pip\_vendor\pygments\lexer.py,other,43,16,8,35349
.venv\Lib\site-packages\pip\_vendor\pygments\lexers\__init__.py,other,16,1,9,12115
.venv\Lib\site-packages\pip\_vendor\pygments\lexers\_mapping.py,other,0,0,0,76097
.venv\Lib\site-packages\pip\_vendor\pygments\lexers\python.py,other,9,10,5,53687
.venv\Lib\site-packages\pip\_vendor\pygments\modeline.py,other,2,0,1,1005
.venv\Lib\site-packages\pip\_vendor\pygments\plugin.py,other,5,0,1,1891
.venv\Lib\site-packages\pip\_vendor\pygments\regexopt.py,other,3,0,5,3072
.venv\Lib\site-packages\pip\_vendor\pygments\scanner.py,other,7,2,1,3092
.venv\Lib\site-packages\pip\_vendor\pygments\sphinxext.py,other,9,1,13,7981
.venv\Lib\site-packages\pip\_vendor\pygments\style.py,other,7,2,1,6420
.venv\Lib\site-packages\pip\_vendor\pygments\styles\__init__.py,other,2,0,3,2042
.venv\Lib\site-packages\pip\_vendor\pygments\styles\_mapping.py,other,0,0,0,3312
.venv\Lib\site-packages\pip\_vendor\pygments\token.py,other,9,1,0,6226
.venv\Lib\site-packages\pip\_vendor\pygments\unistring.py,other,3,0,1,63208
.venv\Lib\site-packages\pip\_vendor\pygments\util.py,other,19,4,4,10031
.venv\Lib\site-packages\pip\_vendor\pyproject_hooks\__init__.py,other,0,0,3,691
.venv\Lib\site-packages\pip\_vendor\pyproject_hooks\_impl.py,other,21,5,11,14936
.venv\Lib\site-packages\pip\_vendor\pyproject_hooks\_in_process\__init__.py,other,2,0,1,557
.venv\Lib\site-packages\pip\_vendor\pyproject_hooks\_in_process\_in_process.py,other,22,5,13,12216
.venv\Lib\site-packages\pip\_vendor\requests\__init__.py,other,2,0,17,5057
.venv\Lib\site-packages\pip\_vendor\requests\__version__.py,other,0,0,0,435
.venv\Lib\site-packages\pip\_vendor\requests\_internal_utils.py,other,2,0,2,1495
.venv\Lib\site-packages\pip\_vendor\requests\adapters.py,adapter,20,2,26,27607
.venv\Lib\site-packages\pip\_vendor\requests\api.py,other,8,0,1,6449
.venv\Lib\site-packages\pip\_vendor\requests\auth.py,other,19,4,11,10186
.venv\Lib\site-packages\pip\_vendor\requests\certs.py,other,0,0,1,441
.venv\Lib\site-packages\pip\_vendor\requests\compat.py,other,1,0,10,1485
.venv\Lib\site-packages\pip\_vendor\requests\cookies.py,other,49,4,7,18590
.venv\Lib\site-packages\pip\_vendor\requests\exceptions.py,other,3,25,2,4272
.venv\Lib\site-packages\pip\_vendor\requests\help.py,other,3,0,10,3813
.venv\Lib\site-packages\pip\_vendor\requests\hooks.py,other,2,0,0,733
.venv\Lib\site-packages\pip\_vendor\requests\models.py,other,44,5,23,35483
.venv\Lib\site-packages\pip\_vendor\requests\packages.py,other,0,0,2,1057
.venv\Lib\site-packages\pip\_vendor\requests\sessions.py,other,28,2,16,30495
.venv\Lib\site-packages\pip\_vendor\requests\status_codes.py,other,2,0,1,4322
.venv\Lib\site-packages\pip\_vendor\requests\structures.py,other,14,2,2,2912
.venv\Lib\site-packages\pip\_vendor\requests\utils.py,other,43,0,24,33631
.venv\Lib\site-packages\pip\_vendor\resolvelib\__init__.py,other,0,0,3,537
.venv\Lib\site-packages\pip\_vendor\resolvelib\compat\__init__.py,other,0,0,0,0
.venv\Lib\site-packages\pip\_vendor\resolvelib\compat\collections_abc.py,other,0,0,2,156
.venv\Lib\site-packages\pip\_vendor\resolvelib\providers.py,other,7,2,0,5871
.venv\Lib\site-packages\pip\_vendor\resolvelib\reporters.py,other,8,1,0,1601
.venv\Lib\site-packages\pip\_vendor\resolvelib\resolvers.py,other,25,9,5,20511
.venv\Lib\site-packages\pip\_vendor\resolvelib\structs.py,other,28,4,2,4963
.venv\Lib\site-packages\pip\_vendor\rich\__init__.py,other,5,0,8,6090
.venv\Lib\site-packages\pip\_vendor\rich\__main__.py,other,4,1,15,8477
.venv\Lib\site-packages\pip\_vendor\rich\_cell_widths.py,other,0,0,0,10209
.venv\Lib\site-packages\pip\_vendor\rich\_emoji_codes.py,other,0,0,0,140235
.venv\Lib\site-packages\pip\_vendor\rich\_emoji_replace.py,other,2,0,3,1064
.venv\Lib\site-packages\pip\_vendor\rich\_export_format.py,other,0,0,0,2128
.venv\Lib\site-packages\pip\_vendor\rich\_extension.py,other,1,0,3,265
.venv\Lib\site-packages\pip\_vendor\rich\_fileno.py,other,1,0,2,799
.venv\Lib\site-packages\pip\_vendor\rich\_inspect.py,other,12,1,11,9655
.venv\Lib\site-packages\pip\_vendor\rich\_log_render.py,other,2,1,8,3225
.venv\Lib\site-packages\pip\_vendor\rich\_loop.py,other,3,0,1,1236
.venv\Lib\site-packages\pip\_vendor\rich\_null_file.py,other,19,1,2,1394
.venv\Lib\site-packages\pip\_vendor\rich\_palettes.py,other,0,0,1,7063
.venv\Lib\site-packages\pip\_vendor\rich\_pick.py,other,1,0,1,423
.venv\Lib\site-packages\pip\_vendor\rich\_ratio.py,other,3,2,7,5471
.venv\Lib\site-packages\pip\_vendor\rich\_spinners.py,other,0,0,0,19919
.venv\Lib\site-packages\pip\_vendor\rich\_stack.py,other,2,1,1,351
.venv\Lib\site-packages\pip\_vendor\rich\_timer.py,other,1,0,3,417
.venv\Lib\site-packages\pip\_vendor\rich\_win32_console.py,other,29,5,9,22755
.venv\Lib\site-packages\pip\_vendor\rich\_windows.py,other,2,1,7,1925
.venv\Lib\site-packages\pip\_vendor\rich\_windows_renderer.py,other,1,0,3,2783
.venv\Lib\site-packages\pip\_vendor\rich\_wrap.py,other,2,0,6,3404
.venv\Lib\site-packages\pip\_vendor\rich\abc.py,other,1,2,2,890
.venv\Lib\site-packages\pip\_vendor\rich\align.py,other,14,2,14,10469
.venv\Lib\site-packages\pip\_vendor\rich\ansi.py,other,5,2,12,6921
.venv\Lib\site-packages\pip\_vendor\rich\bar.py,other,4,1,7,3263
.venv\Lib\site-packages\pip\_vendor\rich\box.py,other,8,1,12,10831
.venv\Lib\site-packages\pip\_vendor\rich\cells.py,other,5,0,4,5130
.venv\Lib\site-packages\pip\_vendor\rich\color.py,other,18,4,17,18211
.venv\Lib\site-packages\pip\_vendor\rich\color_triplet.py,other,3,1,1,1054
.venv\Lib\site-packages\pip\_vendor\rich\columns.py,other,4,1,13,7131
.venv\Lib\site-packages\pip\_vendor\rich\console.py,other,116,16,56,100156
.venv\Lib\site-packages\pip\_vendor\rich\constrain.py,other,3,1,4,1288
.venv\Lib\site-packages\pip\_vendor\rich\containers.py,other,18,2,7,5502
.venv\Lib\site-packages\pip\_vendor\rich\control.py,other,15,1,8,6630
.venv\Lib\site-packages\pip\_vendor\rich\default_styles.py,other,0,0,7,8159
.venv\Lib\site-packages\pip\_vendor\rich\diagnose.py,other,1,0,6,972
.venv\Lib\site-packages\pip\_vendor\rich\emoji.py,other,5,2,13,2501
.venv\Lib\site-packages\pip\_vendor\rich\errors.py,other,0,9,0,642
.venv\Lib\site-packages\pip\_vendor\rich\file_proxy.py,other,6,1,5,1683
.venv\Lib\site-packages\pip\_vendor\rich\filesize.py,other,3,0,1,2484
.venv\Lib\site-packages\pip\_vendor\rich\highlighter.py,other,6,6,6,9586
.venv\Lib\site-packages\pip\_vendor\rich\json.py,other,3,1,8,5031
.venv\Lib\site-packages\pip\_vendor\rich\jupyter.py,other,7,2,7,3252
.venv\Lib\site-packages\pip\_vendor\rich\layout.py,other,28,8,20,14004
.venv\Lib\site-packages\pip\_vendor\rich\live.py,other,16,2,26,14270
.venv\Lib\site-packages\pip\_vendor\rich\live_render.py,other,5,1,10,3666
.venv\Lib\site-packages\pip\_vendor\rich\logging.py,other,6,1,14,12458
.venv\Lib\site-packages\pip\_vendor\rich\markup.py,other,7,1,11,8451
.venv\Lib\site-packages\pip\_vendor\rich\measure.py,other,7,1,5,5305
.venv\Lib\site-packages\pip\_vendor\rich\padding.py,other,6,1,7,4908
.venv\Lib\site-packages\pip\_vendor\rich\pager.py,other,3,2,4,828
.venv\Lib\site-packages\pip\_vendor\rich\palette.py,other,6,2,15,3396
.venv\Lib\site-packages\pip\_vendor\rich\panel.py,other,7,1,14,11235
.venv\Lib\site-packages\pip\_vendor\rich\pretty.py,other,34,7,31,36391
.venv\Lib\site-packages\pip\_vendor\rich\progress.py,other,96,19,37,60357
.venv\Lib\site-packages\pip\_vendor\rich\progress_bar.py,other,8,1,12,8162
.venv\Lib\site-packages\pip\_vendor\rich\prompt.py,other,18,7,5,12447
.venv\Lib\site-packages\pip\_vendor\rich\protocol.py,other,2,0,4,1391
.venv\Lib\site-packages\pip\_vendor\rich\region.py,other,0,1,1,166
.venv\Lib\site-packages\pip\_vendor\rich\repr.py,other,10,2,4,4431
.venv\Lib\site-packages\pip\_vendor\rich\rule.py,other,5,1,10,4602
.venv\Lib\site-packages\pip\_vendor\rich\scope.py,other,3,0,9,2843
.venv\Lib\site-packages\pip\_vendor\rich\screen.py,other,2,1,6,1591
.venv\Lib\site-packages\pip\_vendor\rich\segment.py,other,27,4,13,24743
.venv\Lib\site-packages\pip\_vendor\rich\spinner.py,other,5,1,11,4364
.venv\Lib\site-packages\pip\_vendor\rich\status.py,other,9,1,9,4424
.venv\Lib\site-packages\pip\_vendor\rich\style.py,other,41,3,9,27067
.venv\Lib\site-packages\pip\_vendor\rich\styled.py,other,3,1,7,1258
.venv\Lib\site-packages\pip\_vendor\rich\syntax.py,other,29,5,27,35763
.venv\Lib\site-packages\pip\_vendor\rich\table.py,other,28,4,19,40103
.venv\Lib\site-packages\pip\_vendor\rich\terminal_theme.py,other,1,1,3,3370
.venv\Lib\site-packages\pip\_vendor\rich\text.py,other,65,2,22,47552
.venv\Lib\site-packages\pip\_vendor\rich\theme.py,other,7,3,4,3771
.venv\Lib\site-packages\pip\_vendor\rich\themes.py,other,0,0,2,102
.venv\Lib\site-packages\pip\_vendor\rich\traceback.py,other,19,6,28,31797
.venv\Lib\site-packages\pip\_vendor\rich\tree.py,other,5,1,13,9451
.venv\Lib\site-packages\pip\_vendor\tomli\__init__.py,other,0,0,1,314
.venv\Lib\site-packages\pip\_vendor\tomli\_parser.py,other,35,5,9,25591
.venv\Lib\site-packages\pip\_vendor\tomli\_re.py,other,4,0,6,3171
.venv\Lib\site-packages\pip\_vendor\tomli\_types.py,other,0,0,1,254
.venv\Lib\site-packages\pip\_vendor\truststore\__init__.py,other,0,0,3,1264
.venv\Lib\site-packages\pip\_vendor\truststore\_api.py,other,44,2,14,10555
.venv\Lib\site-packages\pip\_vendor\truststore\_macos.py,other,10,1,8,20503
.venv\Lib\site-packages\pip\_vendor\truststore\_openssl.py,other,3,0,5,2324
.venv\Lib\site-packages\pip\_vendor\truststore\_ssl_constants.py,other,1,0,3,1130
.venv\Lib\site-packages\pip\_vendor\truststore\_windows.py,other,5,12,9,17993
.venv\Lib\site-packages\pip\_vendor\typing_extensions.py,other,192,49,22,134499
.venv\Lib\site-packages\pip\_vendor\urllib3\__init__.py,other,2,0,15,3333
.venv\Lib\site-packages\pip\_vendor\urllib3\_collections.py,other,32,3,8,11372
.venv\Lib\site-packages\pip\_vendor\urllib3\_version.py,other,0,0,0,64
.venv\Lib\site-packages\pip\_vendor\urllib3\connection.py,other,17,6,20,20314
.venv\Lib\site-packages\pip\_vendor\urllib3\connectionpool.py,other,27,3,29,40408
.venv\Lib\site-packages\pip\_vendor\urllib3\contrib\__init__.py,other,0,0,0,0
.venv\Lib\site-packages\pip\_vendor\urllib3\contrib\_appengine_environ.py,other,5,0,1,957
.venv\Lib\site-packages\pip\_vendor\urllib3\contrib\_securetransport\__init__.py,other,0,0,0,0
.venv\Lib\site-packages\pip\_vendor\urllib3\contrib\_securetransport\bindings.py,other,1,2,5,17632
.venv\Lib\site-packages\pip\_vendor\urllib3\contrib\_securetransport\low_level.py,other,13,0,9,13922
.venv\Lib\site-packages\pip\_vendor\urllib3\contrib\appengine.py,other,7,3,12,11036
.venv\Lib\site-packages\pip\_vendor\urllib3\contrib\ntlmpool.py,other,3,1,6,4528
.venv\Lib\site-packages\pip\_vendor\urllib3\contrib\pyopenssl.py,other,33,3,21,17081
.venv\Lib\site-packages\pip\_vendor\urllib3\contrib\securetransport.py,other,41,2,18,34446
.venv\Lib\site-packages\pip\_vendor\urllib3\contrib\socks.py,other,3,5,12,7097
.venv\Lib\site-packages\pip\_vendor\urllib3\exceptions.py,other,15,37,2,8217
.venv\Lib\site-packages\pip\_vendor\urllib3\fields.py,other,11,1,5,8579
.venv\Lib\site-packages\pip\_vendor\urllib3\filepost.py,other,4,0,8,2440
.venv\Lib\site-packages\pip\_vendor\urllib3\packages\__init__.py,other,0,0,0,0
.venv\Lib\site-packages\pip\_vendor\urllib3\packages\backports\__init__.py,other,0,0,0,0
.venv\Lib\site-packages\pip\_vendor\urllib3\packages\backports\makefile.py,other,1,0,2,1417
.venv\Lib\site-packages\pip\_vendor\urllib3\packages\backports\weakref_finalize.py,other,10,2,6,5343
.venv\Lib\site-packages\pip\_vendor\urllib3\packages\six.py,other,69,15,10,34665
.venv\Lib\site-packages\pip\_vendor\urllib3\poolmanager.py,other,19,2,13,19990
.venv\Lib\site-packages\pip\_vendor\urllib3\request.py,other,6,2,5,6691
.venv\Lib\site-packages\pip\_vendor\urllib3\response.py,other,44,6,15,30641
.venv\Lib\site-packages\pip\_vendor\urllib3\util\__init__.py,other,0,0,9,1155
.venv\Lib\site-packages\pip\_vendor\urllib3\util\connection.py,other,5,0,6,4901
.venv\Lib\site-packages\pip\_vendor\urllib3\util\proxy.py,other,2,0,1,1605
.venv\Lib\site-packages\pip\_vendor\urllib3\util\queue.py,queue,4,1,4,498
.venv\Lib\site-packages\pip\_vendor\urllib3\util\request.py,other,3,0,4,3997
.venv\Lib\site-packages\pip\_vendor\urllib3\util\response.py,other,3,0,4,3510
.venv\Lib\site-packages\pip\_vendor\urllib3\util\retry.py,other,23,2,10,22050
.venv\Lib\site-packages\pip\_vendor\urllib3\util\ssl_.py,other,15,1,20,17460
.venv\Lib\site-packages\pip\_vendor\urllib3\util\ssl_match_hostname.py,other,4,1,3,5758
.venv\Lib\site-packages\pip\_vendor\urllib3\util\ssltransport.py,other,25,1,5,6895
.venv\Lib\site-packages\pip\_vendor\urllib3\util\timeout.py,other,10,1,4,10168
.venv\Lib\site-packages\pip\_vendor\urllib3\util\url.py,other,15,1,6,14296
.venv\Lib\site-packages\pip\_vendor\urllib3\util\wait.py,other,10,1,6,5403
.venv\Lib\site-packages\requests\__init__.py,other,2,0,19,5922
.venv\Lib\site-packages\requests\__version__.py,other,0,0,0,435
.venv\Lib\site-packages\requests\_internal_utils.py,other,2,0,2,1542
.venv\Lib\site-packages\requests\_types.py,other,3,8,10,5838
.venv\Lib\site-packages\requests\adapters.py,adapter,20,2,28,28064
.venv\Lib\site-packages\requests\api.py,other,8,0,6,7152
.venv\Lib\site-packages\requests\auth.py,other,24,4,16,12233
.venv\Lib\site-packages\requests\certs.py,other,0,0,1,430
.venv\Lib\site-packages\requests\compat.py,other,1,0,16,2465
.venv\Lib\site-packages\requests\cookies.py,other,52,4,13,21549
.venv\Lib\site-packages\requests\exceptions.py,other,3,25,5,4564
.venv\Lib\site-packages\requests\help.py,other,3,0,13,4210
.venv\Lib\site-packages\requests\hooks.py,other,2,0,5,1138
.venv\Lib\site-packages\requests\models.py,other,52,5,29,41783
.venv\Lib\site-packages\requests\packages.py,other,0,0,2,904
.venv\Lib\site-packages\requests\sessions.py,other,29,2,24,34248
.venv\Lib\site-packages\requests\status_codes.py,other,2,0,1,4351
.venv\Lib\site-packages\requests\structures.py,other,17,2,5,4134
.venv\Lib\site-packages\requests\utils.py,other,47,0,31,36322
.venv\Lib\site-packages\sgmllib.py,other,43,3,3,17788
.venv\Lib\site-packages\six.py,other,69,15,10,34703
.venv\Lib\site-packages\soupsieve\__init__.py,other,9,0,8,4581
.venv\Lib\site-packages\soupsieve\__meta__.py,other,7,1,3,6766
.venv\Lib\site-packages\soupsieve\css_match.py,other,90,5,8,61404
.venv\Lib\site-packages\soupsieve\css_parser.py,other,33,4,9,49081
.venv\Lib\site-packages\soupsieve\css_types.py,other,35,12,4,10014
.venv\Lib\site-packages\soupsieve\pretty.py,other,1,0,3,4362
.venv\Lib\site-packages\soupsieve\util.py,other,7,1,5,3352
.venv\Lib\site-packages\typing_extensions.py,other,215,49,28,165012
.venv\Lib\site-packages\urllib3\__init__.py,other,3,0,19,6979
.venv\Lib\site-packages\urllib3\_base_connection.py,other,10,4,8,5580
.venv\Lib\site-packages\urllib3\_collections.py,other,42,5,7,17522
.venv\Lib\site-packages\urllib3\_request_methods.py,other,5,1,8,9931
.venv\Lib\site-packages\urllib3\_version.py,other,0,0,1,520
.venv\Lib\site-packages\urllib3\connection.py,other,31,5,37,42786
.venv\Lib\site-packages\urllib3\connectionpool.py,other,27,3,30,44164
.venv\Lib\site-packages\urllib3\contrib\__init__.py,other,0,0,0,0
.venv\Lib\site-packages\urllib3\contrib\emscripten\__init__.py,other,1,0,4,836
.venv\Lib\site-packages\urllib3\contrib\emscripten\connection.py,other,11,2,16,8960
.venv\Lib\site-packages\urllib3\contrib\emscripten\fetch.py,other,39,6,14,23520
.venv\Lib\site-packages\urllib3\contrib\emscripten\request.py,other,2,1,3,566
.venv\Lib\site-packages\urllib3\contrib\emscripten\response.py,other,16,2,14,9719
.venv\Lib\site-packages\urllib3\contrib\pyopenssl.py,other,39,3,14,19734
.venv\Lib\site-packages\urllib3\contrib\socks.py,other,3,6,12,7639
.venv\Lib\site-packages\urllib3\exceptions.py,other,21,38,10,9945
.venv\Lib\site-packages\urllib3\fields.py,other,11,1,8,10801
.venv\Lib\site-packages\urllib3\filepost.py,other,3,0,7,2388
.venv\Lib\site-packages\urllib3\http2\__init__.py,other,2,0,12,1741
.venv\Lib\site-packages\urllib3\http2\connection.py,other,20,3,14,12578
.venv\Lib\site-packages\urllib3\http2\probe.py,other,5,1,2,3014
.venv\Lib\site-packages\urllib3\poolmanager.py,other,18,3,20,23895
.venv\Lib\site-packages\urllib3\response.py,other,82,10,27,53219
.venv\Lib\site-packages\urllib3\util\__init__.py,other,0,0,9,1001
.venv\Lib\site-packages\urllib3\util\connection.py,other,5,0,6,4444
.venv\Lib\site-packages\urllib3\util\proxy.py,other,1,0,4,1148
.venv\Lib\site-packages\urllib3\util\request.py,other,5,2,13,8363
.venv\Lib\site-packages\urllib3\util\response.py,other,3,0,4,3374
.venv\Lib\site-packages\urllib3\util\retry.py,other,16,2,14,19577
.venv\Lib\site-packages\urllib3\util\ssl_.py,other,11,1,17,17742
.venv\Lib\site-packages\urllib3\util\ssl_match_hostname.py,other,3,1,6,5479
.venv\Lib\site-packages\urllib3\util\ssltransport.py,other,29,1,8,8847
.venv\Lib\site-packages\urllib3\util\timeout.py,other,10,2,7,10346
.venv\Lib\site-packages\urllib3\util\url.py,other,17,1,6,15205
.venv\Lib\site-packages\urllib3\util\util.py,other,3,0,3,1146
.venv\Lib\site-packages\urllib3\util\wait.py,other,7,0,4,4423
02_DISCOVERY\algora_open_bounty_adapter.py,adapter,10,0,11,15629
03_INTELLIGENCE\contextual_reward_parser.py,other,7,1,4,8900
03_INTELLIGENCE\opportunity_verification_engine.py,other,26,1,18,40301
