source_name,source_type,platform,canonical_payment_source,payment_platform_verified,repository,issue_number,external_id,title,description,url,opportunity_url,opportunity_type,reward,reward_usd,amount_usd,currency,status,payment_terms,executor_payment_evidence,estimated_hours,estimated_revenue_per_hour,comments,attempts,pull_requests,competition_score_live,competition_level_live,contest_risk,winner_signals,direct_project_signals,skill_matches,deadline_text,eligible_for_payment_engine,positive_evidence,rejection_reasons,discovered_at
superteam_earn_official,canonical_paid_work_platform,Superteam Earn,true,true,,,9ceadd2f-8887-416f-890e-ab07824660e5,"Solana Summit Serbia Content Bounty: $10,000 for the best summit content","Solana Summit Serbia Content Bounty: $10,000 for the best summit content. Sponsor: Superteam Balkan. Compensation type: fixed. Official submissions: 51.",https://superteam.fun/earn/listing/solana-summit-serbia-content,https://superteam.fun/earn/listing/solana-summit-serbia-content,bounty,10000.0,10000.0,10000.0,USDG,open,Superteam Earn advertised compensation 10000.00 USDG,Official Superteam live-listings API,8.0,1250.0,,,,51,HIGH,true,official bounty type,,,2026-09-10T21:59:59.000Z,false,official Superteam live-listings API | official status OPEN | minimum advertised compensation 10000.00 USDG,winner-based bounty | 51 existing submissions,2026-09-04T11:19:22.466507+00:00
superteam_earn_official,canonical_paid_work_platform,Superteam Earn,true,true,,,b876d371-ebec-4c8f-8ff8-f19bdb8cff90,Create Content for Breakpoint 2026,Create Content for Breakpoint 2026. Sponsor: Superteam Germany. Compensation type: fixed. Official submissions: 76.,https://superteam.fun/earn/listing/create-content-for-breakpoint-2026,https://superteam.fun/earn/listing/create-content-for-breakpoint-2026,bounty,8000.0,8000.0,8000.0,USDG,open,Superteam Earn advertised compensation 8000.00 USDG,Official Superteam live-listings API,8.0,1000.0,,,,76,HIGH,true,official bounty type,,,2026-09-07T21:59:59.999Z,false,official Superteam live-listings API | official status OPEN | minimum advertised compensation 8000.00 USDG,winner-based bounty | 76 existing submissions,2026-09-04T11:19:22.466395+00:00
superteam_earn_official,canonical_paid_work_platform,Superteam Earn,true,true,,,9b5747cc-1943-47b4-ba1f-bbc3f55a8cbe,"Trade on KriptoK League and Share Your Round Experience | $2,000 USDC","Trade on KriptoK League and Share Your Round Experience | $2,000 USDC. Sponsor: KriptoK. Compensation type: fixed. Official submissions: 1.",https://superteam.fun/earn/listing/kriptok-league-trading-experience-bounty,https://superteam.fun/earn/listing/kriptok-league-trading-experience-bounty,bounty,2000.0,2000.0,2000.0,USDC,open,Superteam Earn advertised compensation 2000.00 USDC,Official Superteam live-listings API,8.0,250.0,,,,1,HIGH,true,official bounty type,,,2026-09-17T20:59:59.000Z,false,official Superteam live-listings API | official status OPEN | minimum advertised compensation 2000.00 USDC,winner-based bounty | 1 existing submissions,2026-09-04T11:19:22.466579+00:00
superteam_earn_official,canonical_paid_work_platform,Superteam Earn,true,true,,,0d7ecfce-2d1a-482f-a453-aada656c8cee,Create The Best X Thread About My Crypto Casino,Create The Best X Thread About My Crypto Casino. Sponsor: My Crypto Casino. Compensation type: fixed. Official submissions: 91.,https://superteam.fun/earn/listing/create-the-best-x-thread-about-my-crypto-casino,https://superteam.fun/earn/listing/create-the-best-x-thread-about-my-crypto-casino,bounty,1500.0,1500.0,1500.0,USDC,open,Superteam Earn advertised compensation 1500.00 USDC,Official Superteam live-listings API,8.0,187.5,,,,91,HIGH,true,official bounty type,,,2026-09-04T21:59:59.000Z,false,official Superteam live-listings API | official status OPEN | minimum advertised compensation 1500.00 USDC,winner-based bounty | 91 existing submissions,2026-09-04T11:19:22.466377+00:00
superteam_earn_official,canonical_paid_work_platform,Superteam Earn,true,true,,,7bd4dd40-577d-4cce-98e3-0263274c291e,Post: Why Flint Beats Building Your Own Prop AMM,Post: Why Flint Beats Building Your Own Prop AMM. Sponsor: Flint . Compensation type: fixed. Official submissions: 215.,https://superteam.fun/earn/listing/post-why-flint-beats-building-your-own-prop-amm,https://superteam.fun/earn/listing/post-why-flint-beats-building-your-own-prop-amm,bounty,1500.0,1500.0,1500.0,USDC,open,Superteam Earn advertised compensation 1500.00 USDC,Official Superteam live-listings API,8.0,187.5,,,,215,HIGH,true,official bounty type,,,2026-09-07T21:59:59.999Z,false,official Superteam live-listings API | official status OPEN | minimum advertised compensation 1500.00 USDC,winner-based bounty | 215 existing submissions,2026-09-04T11:19:22.466413+00:00
superteam_earn_official,canonical_paid_work_platform,Superteam Earn,true,true,,,15bf850b-1b2f-4c52-81bb-3e9ee97da59a,CastleDAO Content Challenge,CastleDAO Content Challenge. Sponsor: Superteam Ireland. Compensation type: fixed. Official submissions: 98.,https://superteam.fun/earn/listing/castledao-content-challenge,https://superteam.fun/earn/listing/castledao-content-challenge,bounty,1000.0,1000.0,1000.0,USDG,open,Superteam Earn advertised compensation 1000.00 USDG,Official Superteam live-listings API,8.0,125.0,,,,98,HIGH,true,official bounty type,,,2026-09-08T22:59:59.000Z,false,official Superteam live-listings API | official status OPEN | minimum advertised compensation 1000.00 USDG,winner-based bounty | 98 existing submissions,2026-09-04T11:19:22.466428+00:00
superteam_earn_official,canonical_paid_work_platform,Superteam Earn,true,true,,,7ec8100f-6e21-46be-8fac-a77b88b2bd10,"$1,000 USDC Manic Bug Bounty","$1,000 USDC Manic Bug Bounty. Sponsor: Manic Trade. Compensation type: fixed. Official submissions: 54.",https://superteam.fun/earn/listing/dollar1000-usdc-manic-bug-bounty,https://superteam.fun/earn/listing/dollar1000-usdc-manic-bug-bounty,bounty,1000.0,1000.0,1000.0,USDC,open,Superteam Earn advertised compensation 1000.00 USDC,Official Superteam live-listings API,8.0,125.0,,,,54,HIGH,true,official bounty type,,,2026-09-09T06:59:59.000Z,false,official Superteam live-listings API | official status OPEN | minimum advertised compensation 1000.00 USDC,winner-based bounty | 54 existing submissions,2026-09-04T11:19:22.466444+00:00
superteam_earn_official,canonical_paid_work_platform,Superteam Earn,true,true,,,b6fb5b64-9755-4e6d-8b86-1573f35e33a1,NectarFi x Dominion Market,NectarFi x Dominion Market. Sponsor: NectarFi. Compensation type: fixed. Official submissions: 15.,https://superteam.fun/earn/listing/nectarfi-x-dominion-market,https://superteam.fun/earn/listing/nectarfi-x-dominion-market,bounty,1000.0,1000.0,1000.0,USDG,open,Superteam Earn advertised compensation 1000.00 USDG,Official Superteam live-listings API,8.0,125.0,,,,15,HIGH,true,official bounty type,,,2026-09-14T22:59:59.000Z,false,official Superteam live-listings API | official status OPEN | minimum advertised compensation 1000.00 USDG,winner-based bounty | 15 existing submissions,2026-09-04T11:19:22.466540+00:00
superteam_earn_official,canonical_paid_work_platform,Superteam Earn,true,true,,,15e41eef-e4ce-4991-b893-58bfdc091715,Write an X Thread Explaining Aeonian Trade & Introducing Upcoming Livestreams,Write an X Thread Explaining Aeonian Trade & Introducing Upcoming Livestreams. Sponsor: Aeonian. Compensation type: fixed. Official submissions: 83.,https://superteam.fun/earn/listing/aeonianbounty,https://superteam.fun/earn/listing/aeonianbounty,bounty,500.0,500.0,500.0,USDC,open,Superteam Earn advertised compensation 500.00 USDC,Official Superteam live-listings API,8.0,62.5,,,,83,HIGH,true,official bounty type,,,2026-09-09T15:59:59.999Z,false,official Superteam live-listings API | official status OPEN | minimum advertised compensation 500.00 USDC,winner-based bounty | 83 existing submissions,2026-09-04T11:19:22.466465+00:00
superteam_earn_official,canonical_paid_work_platform,Superteam Earn,true,true,,,e92e317b-0d0f-49f4-9937-0623d4816df6,🟢 ZNS Solana Creator Challenge,🟢 ZNS Solana Creator Challenge. Sponsor: ZNS Connect. Compensation type: fixed. Official submissions: 17.,https://superteam.fun/earn/listing/zns-sol,https://superteam.fun/earn/listing/zns-sol,bounty,500.0,500.0,500.0,USDC,open,Superteam Earn advertised compensation 500.00 USDC,Official Superteam live-listings API,8.0,62.5,,,,17,HIGH,true,official bounty type,,,2026-09-09T21:59:59.999Z,false,official Superteam live-listings API | official status OPEN | minimum advertised compensation 500.00 USDC,winner-based bounty | 17 existing submissions,2026-09-04T11:19:22.466489+00:00
superteam_earn_official,canonical_paid_work_platform,Superteam Earn,true,true,,,a57a791c-200f-466f-9321-e1e0e024a2e8,Create a Video About Swap.io,Create a Video About Swap.io. Sponsor: swap.io. Compensation type: fixed. Official submissions: 0.,https://superteam.fun/earn/listing/create-a-video-about-swapio,https://superteam.fun/earn/listing/create-a-video-about-swapio,bounty,500.0,500.0,500.0,USDC,open,Superteam Earn advertised compensation 500.00 USDC,Official Superteam live-listings API,8.0,62.5,,,,0,HIGH,true,official bounty type,,,2026-09-13T13:59:59.000Z,false,official Superteam live-listings API | official status OPEN | minimum advertised compensation 500.00 USDC,winner-based bounty,2026-09-04T11:19:22.466523+00:00
superteam_earn_official,canonical_paid_work_platform,Superteam Earn,true,true,,,4b22c4d1-ce45-41f1-8b63-df8296b145a2,"Trade, Tweet & Earn","Trade, Tweet & Earn. Sponsor: Spectrumfi. Compensation type: fixed. Official submissions: 4.",https://superteam.fun/earn/listing/trade-tweet-and-earn-1,https://superteam.fun/earn/listing/trade-tweet-and-earn-1,bounty,500.0,500.0,500.0,USDC,open,Superteam Earn advertised compensation 500.00 USDC,Official Superteam live-listings API,8.0,62.5,,,,4,HIGH,true,official bounty type,,,2026-09-20T18:29:59.000Z,false,official Superteam live-listings API | official status OPEN | minimum advertised compensation 500.00 USDC,winner-based bounty | 4 existing submissions,2026-09-04T11:19:22.466593+00:00
superteam_earn_official,canonical_paid_work_platform,Superteam Earn,true,true,,,43f663e0-ef0b-40b4-89c9-b4e11375cff5,Steve Agent Arena: Launch Your Agent & Win 500 USDC,Steve Agent Arena: Launch Your Agent & Win 500 USDC. Sponsor: OOBE Protocol. Compensation type: fixed. Official submissions: 1.,https://superteam.fun/earn/listing/steve-agent-arena-launch-your-agent-and-win-500-usdc,https://superteam.fun/earn/listing/steve-agent-arena-launch-your-agent-and-win-500-usdc,bounty,500.0,500.0,500.0,USDC,open,Superteam Earn advertised compensation 500.00 USDC,Official Superteam live-listings API,8.0,62.5,,,,1,HIGH,true,official bounty type,,,2026-09-20T21:59:59.000Z,false,official Superteam live-listings API | official status OPEN | minimum advertised compensation 500.00 USDC,winner-based bounty | 1 existing submissions,2026-09-04T11:19:22.466610+00:00
superteam_earn_official,canonical_paid_work_platform,Superteam Earn,true,true,,,ad7dfc28-cb9b-4448-a111-426619506fe1,Build and Demo a Mermail Agent Skill,Build and Demo a Mermail Agent Skill. Sponsor: Mermail. Compensation type: fixed. Official submissions: 57.,https://superteam.fun/earn/listing/build-and-demo-a-mermail-agent-skill,https://superteam.fun/earn/listing/build-and-demo-a-mermail-agent-skill,bounty,500.0,500.0,500.0,USDC,open,Superteam Earn advertised compensation 500.00 USDC,Official Superteam live-listings API,8.0,62.5,,,,57,HIGH,true,official bounty type,,,2026-09-23T13:59:59.000Z,false,official Superteam live-listings API | official status OPEN | minimum advertised compensation 500.00 USDC,winner-based bounty | 57 existing submissions,2026-09-04T11:19:22.466625+00:00
superteam_earn_official,canonical_paid_work_platform,Superteam Earn,true,true,,,657bf11b-89e4-42ea-bd96-c4339df44f2e,Try out new docs to build a trusted agent with T3N that we can distribute / host,Try out new docs to build a trusted agent with T3N that we can distribute / host. Sponsor: Terminal 3 Network. Compensation type: fixed. Official submissions: 83.,https://superteam.fun/earn/listing/t3n-agent-build-challenge,https://superteam.fun/earn/listing/t3n-agent-build-challenge,bounty,290.0,290.0,290.0,USDC,open,Superteam Earn advertised compensation 290.00 USDC,Official Superteam live-listings API,8.0,36.25,,,,83,HIGH,true,official bounty type,,,2026-09-16T15:59:59.999Z,false,official Superteam live-listings API | official status OPEN | minimum advertised compensation 290.00 USDC,winner-based bounty | 83 existing submissions,2026-09-04T11:19:22.466561+00:00
superteam_earn_official,canonical_paid_work_platform,Superteam Earn,true,true,,,0e5cefd5-9951-464c-b3d8-1256f5bd829c,Manual QA Tester - Sana.run Trading Terminal,Manual QA Tester - Sana.run Trading Terminal. Sponsor: Sanafi Onchain. Compensation type: range. Official submissions: 59.,https://superteam.fun/earn/listing/manual-qa-tester-sanarun-trading-terminal,https://superteam.fun/earn/listing/manual-qa-tester-sanarun-trading-terminal,project,50.0,50.0,50.0,USDC,open,Superteam Earn advertised compensation 50.00 USDC,Official Superteam live-listings API,8.0,6.25,,,,59,HIGH,false,,official project type,,2026-09-04T16:59:59.999Z,false,official Superteam live-listings API | official status OPEN | direct project type | minimum advertised compensation 50.00 USDC,59 existing submissions,2026-09-04T11:19:22.466308+00:00
